[
    { "id": "short001", "title": "Black Mirror: Bandersnatch", "description": "An interactive film where you make choices for the main character. (Represents a shorter overall experience if one path is chosen)", "moods": ["thrilling", "dramatic"], "genres": ["scifi", "drama"], "duration_actual_minutes": 90 },
    { "id": "short002", "title": "Love, Death & Robots: Sonnie's Edge", "description": "In a future where bio-engineered gladiators fight to the death, Sonnie and her beastie have an unbeatable edge.", "moods": ["thrilling", "action"], "genres": ["scifi", "animation"], "duration_actual_minutes": 17 },
    { "id": "short003", "title": "My Neighbor Totoro", "description": "Two young girls move to the countryside to be near their ailing mother and have adventures with the wondrous forest spirits who live nearby.", "moods": ["happy", "calm"], "genres": ["animation", "family"], "duration_actual_minutes": 86 }
]
