[
    { "id": "comedy001", "title": "Superbad", "description": "Two co-dependent high school seniors are forced to deal with separation anxiety after their plan to stage a booze-soaked party goes awry.", "moods": ["happy"], "time_category": "medium" },
    { "id": "comedy002", "title": "What We Do in the Shadows (Movie)", "description": "Viago, Deacon, and Vladislav are vampires who are finding that modern life has them struggling with the mundane.", "moods": ["happy", "quirky"], "time_category": "short" },
    { "id": "comedy003", "title": "Airplane!", "description": "A man afraid to fly must ensure that a plane lands safely after the pilots become sick.", "moods": ["happy", "absurdist"], "time_category": "short" }
]
